{"x":1.3516697106046973,"y":1.2368360700421677}