{"x":1303.9999999999993,"y":112.00000000000047}