{"x":7.9273255813953485,"y":1.191860465116279}